source,target,id,city,country,lat,lon,last_old,,,,
Abrams,Kunde,336,Birmingham,United States,33.5206608,-86.8024902, Abrams,,,,
Abrams,Liu,516,Birmingham,United States,33.5206608,-86.8024902, Abrams,,,,
Ahmad,Malik,353,Pittsburgh,United States,40.4406248,-79.9958878, Ahmad,,,,
Ahmed,Byrne,274,Southampton,United Kingdom,50.9,-1.4, Ahmed,,,,
Albano,Sutti,724,Novara,Italy,45.440565,8.6168346, Albano,,,,
Alberti,Sebastiani,771,Padova,Italy,45.415194,11.8818083, Alberti,,,,
Allard,Mouzaki,189,Toronto,Canada,43.7001138,-79.4163055, Allard,,,,
Allard,Schwenger,745,Toronto,Canada,43.7001138,-79.4163055, Allard,,,,
Altomare,Serviddio,419,Foggia,Italy,41.460932,15.5492506, Altomare,,,,
Altomare,Serviddio,717,Foggia,Italy,41.460932,15.5492506, Altomare,,,,
Angulo,Adams,282,Rochester,United States,43.1547845,-77.6155548, Angulo,,,,
Angulo,Castera,422,Lexington,United States,37.9886892,-84.4777145, Angulo,,,,
Angulo,Castera,422,Paris,France,48.85341,2.3487999, Angulo,,,,
Angulo,Castera,422,Clichy,France,48.9,2.3, Angulo,,,,
Aoyama,Tanaka,235,Matsumoto,Japan,36.2333333,137.9666595, Aoyama,,,,
Aramin,Eslami,765,Tehran,Iran,35.6719444,51.4244461, Aramin,,,,
Archimandritis,Tsochatzis,570,Athens,Greece,37.9833333,23.7333336, Archimandritis,,,,
Argo,Caldwell,467,Charlotte,United States,35.2270869,-80.8431244, Argo,,,,
Arrese,Boza,462,Santiago,Chile,-33.45,-70.6666641, Arrese,,,,
Bacon,Brunt,1,Saint Louis,United States,38.6272733,-90.1978912, Bacon,,,,
Bacon,Neuschwander-Tetri,22,Saint Louis,United States,38.6272733,-90.1978912, Bacon,,,,
Bacon,Bacon,362,Saint Louis,United States,38.6272733,-90.1978912,Bacon,,,,
Bacon,Neuschwander-Tetri,398,Saint Louis,United States,38.6272733,-90.1978912, Bacon,,,,
Bacon,Brunt,421,Saint Louis,United States,38.6272733,-90.1978912, Bacon,,,,
Bacon,Neuschwander-Tetri,608,Saint Louis,United States,38.6272733,-90.1978912, Bacon,,,,
Bailey,Mantena,146,Birmingham,United States,33.5206608,-86.8024902, Bailey,,,,
Bailey,Mantena,310,Birmingham,United States,33.5206608,-86.8024902, Bailey,,,,
Bantel,Joka,445,Hannover,Germany,52.3705163,9.7332211, Bantel,,,,
Baptista,Cortez-Pinto,159,Lisbon,Portugal,38.7166667,-9.1333332, Baptista,,,,
Bass,Merriman,197,San Francisco,United States,37.7749295,-122.4194183, Bass,,,,
Bass,Loomba,363,San Francisco,United States,37.7749295,-122.4194183, Bass,,,,
Bass,Bambha,547,San Francisco,United States,37.7749295,-122.4194183, Bass,,,,
Bast,Koek,265,Maastricht,Netherlands,50.848333,5.688889, Bast,,,,
Batteux,Laurent,503,Paris,France,48.85341,2.3487999, Batteux,,,,
Batts,Charlton,168,Rochester,United States,43.1547845,-77.6155548, Batts,,,,
Bedogni,Bellentani,55,Trieste,Italy,45.6486111,13.7799997, Bedogni,,,,
Bedogni,Bellentani,55,Modena,Italy,44.647834,10.9253883, Bedogni,,,,
Bedogni,Bellentani,55,Carpi,Italy,44.78237,10.877697, Bedogni,,,,
Bedossa,Paradis,59,Paris,France,48.85341,2.3487999, Bedossa,,,,
Bendtsen,Angulo,86,Copenhagen,Denmark,55.6776812,12.5709343, Bendtsen,,,,
Bendtsen,Angulo,86,Hvidovre,Denmark,55.6571864,12.4736395, Bendtsen,,,,
Benhamou,Ingiliz,552,Paris,France,48.85341,2.3487999, Benhamou,,,,
Berenguer,Ortiz,223,Valencia,Spain,39.4697524,-0.3773868, Berenguer,,,,
Berenguer,Ortiz,223,Valencia,Spain,39.4697524,-0.3773868, Berenguer,,,,
Bhansali,Duseja,738,Chandigarh,India,30.7372222,76.7872238, Bhansali,,,,
Bojunga,Friedrich-Rust,791,Frankfurt am Main,Germany,50.1166667,8.6833334, Bojunga,,,,
Boparai,Ong,195,Cleveland,United States,41.4994954,-81.6954117, Boparai,,,,
Boparai,Ong,287,Cleveland,United States,41.4994954,-81.6954117, Boparai,,,,
Borlak,Anderson,156,Hannover,Germany,52.3705163,9.7332211, Borlak,,,,
Brabant,Tacke,494,Hannover,Germany,52.3705163,9.7332211, Brabant,,,,
Brock,Cave,618,Louisville,United States,38.2542376,-85.759407, Brock,,,,
Brown,Setji,286,Durham,United States,35.9940329,-78.8986206, Brown,,,,
Brunt,Brunt,21,Saint Louis,United States,38.6272733,-90.1978912,Brunt,,,,
Brunt,Brunt,54,Saint Louis,United States,38.6272733,-90.1978912,Brunt,,,,
Brunt,Yeh,207,Saint Louis,United States,38.6272733,-90.1978912, Brunt,,,,
Brunt,Brunt,536,Saint Louis,United States,38.6272733,-90.1978912,Brunt,,,,
Brunt,Yeh,575,Washington,United States,38.8951118,-77.0363693, Brunt,,,,
Brunt,Brunt,657,Washington,United States,38.8951118,-77.0363693,Brunt,,,,
Buldak,Kukla,682,Zabrze,Poland,50.3166667,18.7833328, Buldak,,,,
Burt,Yip,529,Newcastle upon Tyne,United Kingdom,54.9732787,-1.6139603, Burt,,,,
Busuttil,Agopian,472,Los Angeles,United States,34.0522342,-118.2436829, Busuttil,,,,
Buurman,Rensen,528,Maastricht,Netherlands,50.848333,5.688889, Buurman,,,,
Byrne,Bruce,171,Southampton,United Kingdom,50.9,-1.4, Byrne,,,,
Byrne,Scorletti,484,Southampton,United Kingdom,50.9,-1.4, Byrne,,,,
Caldwell,Argo,109,Charlotte,United States,35.2270869,-80.8431244, Caldwell,,,,
Caldwell,Argo,778,Charlotte,United States,35.2270869,-80.8431244, Caldwell,,,,
Camilo,Cortez-Pinto,159,Lisbon,Portugal,38.7166667,-9.1333332, Camilo,,,,
Canbay,Ertle,151,Essen,Germany,51.45,7.0166669, Canbay,,,,
Canbay,Wree,383,Essen,Germany,51.45,7.0166669, Canbay,,,,
Canbay,Wree,383,Duisburg,Germany,51.4333333,6.75, Canbay,,,,
Canbay,Bechmann,589,Essen,Germany,51.45,7.0166669, Canbay,,,,
Canbay,Bechmann,589,Duisburg,Germany,51.4333333,6.75, Canbay,,,,
Capeau,Capeau,615,Paris,France,48.85341,2.3487999,Capeau,,,,
Carulli,Loria,537,Modena,Italy,44.647834,10.9253883, Carulli,,,,
Carulli,Loria,537,Modena,Italy,44.647834,10.9253883, Carulli,,,,
Casini,Svegliati-Baroni,188,Florence,Italy,43.7666667,11.25, Casini,,,,
Cassard-Doulcier,Leroux,610,Paris,France,48.85341,2.3487999, Cassard-Doulcier,,,,
Cavallo,Barchetta,513,Rome,Italy,41.9,12.4833336, Cavallo,,,,
Chait,Subramanian,430,Seattle,United States,47.6062095,-122.3320694, Chait,,,,
Chait,Subramanian,430,Washington,United States,38.8951118,-77.0363693, Chait,,,,
Chalasani,Vuppalanchi,63,Indianapolis,United States,39.7683765,-86.1580429, Chalasani,,,,
Chalasani,Masuoka,453,Indianapolis,United States,39.7683765,-86.1580429, Chalasani,,,,
Chalasani,Lee,489,Indianapolis,United States,39.7683765,-86.1580429, Chalasani,,,,
Chalasani,Vuppalanchi,594,Indianapolis,United States,39.7683765,-86.1580429, Chalasani,,,,
Chalasani,Liangpunsakul,607,Indianapolis,United States,39.7683765,-86.1580429, Chalasani,,,,
Chalasani,Vuppalanchi,673,Indianapolis,United States,39.7683765,-86.1580429, Chalasani,,,,
Chalasani,Bell,706,Indianapolis,United States,39.7683765,-86.1580429, Chalasani,,,,
Charlton,Sreekumar,284,Rochester,United States,43.1547845,-77.6155548, Charlton,,,,
Chayama,Hyogo,319,Hiroshima,Japan,34.4,132.4499969, Chayama,,,,
Chayama,Kimura,480,Hiroshima,Japan,34.4,132.4499969, Chayama,,,,
Chayama,Iwamoto,737,Hiroshima,Japan,34.4,132.4499969, Chayama,,,,
Chen,Tang,799,Saint Louis,United States,38.6272733,-90.1978912, Chen,,,,
Cherrington,Fisher,347,Tucson,United States,32.2217429,-110.9264755, Cherrington,,,,
Cherrington,Hardwick,479,Tucson,United States,32.2217429,-110.9264755, Cherrington,,,,
Cherrington,Lake,679,Tucson,United States,32.2217429,-110.9264755, Cherrington,,,,
Cherrington,Lickteig,710,Tucson,United States,32.2217429,-110.9264755, Cherrington,,,,
Cherrington,Hardwick,790,Tucson,United States,32.2217429,-110.9264755, Cherrington,,,,
Cherrington,Fisher,800,Tucson,United States,32.2217429,-110.9264755, Cherrington,,,,
Chiesa,Pacifico,475,Rome,Italy,41.9,12.4833336, Chiesa,,,,
Chihara,Takahashi,669,Kobe,Japan,34.6833333,135.1666718, Chihara,,,,
Chitturi,Farrell,210,Canberra,Australia,-35.2834625,149.128067, Chitturi,,,,
Chitturi,Farrell,254,Canberra,Australia,-35.2834625,149.128067, Chitturi,,,,
Chojkier,Sanyal,440,San Diego,United States,32.7153292,-117.1572571, Chojkier,,,,
Chojkier,Ratziu,591,San Diego,United States,32.7153292,-117.1572571, Chojkier,,,,
Chonchol,Targher,578,Denver,United States,39.7391536,-104.9847031, Chonchol,,,,
Chonchol,Targher,578,Aurora,United States,39.7294319,-104.8319168, Chonchol,,,,
Chopra,Sheth,34,Boston,United States,42.3584308,-71.0597763, Chopra,,,,
Chopra,Sass,193,Pittsburgh,United States,40.4406248,-79.9958878, Chopra,,,,
Choudhuri,Baba,335,Lucknow,India,26.85,80.9166641, Choudhuri,,,,
Clark,Clark,29,Baltimore,United States,39.2903848,-76.6121902,Clark,,,,
Clarkson,Kirsch,291,Cape Town,South Africa,-33.9166667,18.416666, Clarkson,,,,
Clavien,McCormack,478,Zurich,Switzerland,47.3666667,8.5500002, Clavien,,,,
Clavien,Nocito,622,Zurich,Switzerland,47.3666667,8.5500002, Clavien,,,,
Clement,Bedossa,273,Paris,France,48.85341,2.3487999, Clement,,,,
Clement,Bedossa,273,Boulogne-Billancourt,France,48.8333333,2.25, Clement,,,,
Clements,Abrams,290,Birmingham,United States,33.5206608,-86.8024902, Clements,,,,
Clouston,Richardson,135,Brisbane,Australia,-27.4679357,153.0280914, Clouston,,,,
Clouston,Gadd,600,Brisbane,Australia,-27.4679357,153.0280914, Clouston,,,,
Coffin,Sabaté,325,Paris,France,48.85341,2.3487999, Coffin,,,,
Coffin,Sabaté,325,Colombes,France,48.9166667,2.25, Coffin,,,,
Colecchia,Festi,466,Bologna,Italy,44.4938115,11.3387489, Colecchia,,,,
Colecchia,Festi,466,Massa,Italy,44.022045,10.1140928, Colecchia,,,,
Colin,Lindor,37,Quebec,Canada,46.8122791,-71.2145386, Colin,,,,
Considine,Chalasani,355,Indianapolis,United States,39.7683765,-86.1580429, Considine,,,,
Correig,Vinaixa,635,Tarragona,Spain,41.1166667,1.25, Correig,,,,
Cortez-Pinto,Cortez-Pinto,159,Lisbon,Portugal,38.7166667,-9.1333332,Cortez-Pinto,,,,
Cortez-Pinto,Machado,634,Lisbon,Portugal,38.7166667,-9.1333332, Cortez-Pinto,,,,
Cotler,Kallwitz,420,Chicago,United States,41.850033,-87.6500549, Cotler,,,,
Crabb,Chalasani,142,Indianapolis,United States,39.7683765,-86.1580429, Crabb,,,,
Crabb,Chalasani,144,Indianapolis,United States,39.7683765,-86.1580429, Crabb,,,,
Cusi,Gastaldelli,341,San Antonio,United States,29.4241219,-98.4936295, Cusi,,,,
Cusi,Cusi,482,San Antonio,United States,29.4241219,-98.4936295,Cusi,,,,
Cusi,Ali,631,San Antonio,United States,29.4241219,-98.4936295, Cusi,,,,
Cusi,Portillo-Sanchez,633,San Antonio,United States,29.4241219,-98.4936295, Cusi, Audie L. Murphy VAMC, San Antonio, TX, United States
Cusi,Lomonaco,662,San Antonio,United States,29.4241219,-98.4936295, Cusi,,,,
Cusi,Gastaldelli,750,San Antonio,United States,29.4241219,-98.4936295, Cusi,,,,
Dagalp,Uygun,182,Ankara,Turkey,39.9272222,32.8644447, Dagalp,,,,
Davidson,Kerr,693,Washington,United States,38.8951118,-77.0363693, Davidson,,,,
Davidson,Kerr,693,Saint Louis,United States,38.6272733,-90.1978912, Davidson,,,,
Davis,Yalamanchili,481,Dallas,United States,32.7830556,-96.8066635, Davis,,,,
Day,Burt,153,Newcastle upon Tyne,United Kingdom,54.9732787,-1.6139603, Day,,,,
Day,Day,264,Newcastle upon Tyne,United Kingdom,54.9732787,-1.6139603,Day,,,,
Day,Targher,320,Newcastle upon Tyne,United Kingdom,54.9732787,-1.6139603, Day,,,,
Day,Day,333,Newcastle upon Tyne,United Kingdom,54.9732787,-1.6139603,Day,,,,
Day,Targher,405,Newcastle upon Tyne,United Kingdom,54.9732787,-1.6139603, Day,,,,
De La M Hall,Kirsch,291,Cape Town,South Africa,-33.9166667,18.416666, De La M Hall,,,,
de Lédinghen,de Lédinghen,285,Bordeaux,France,44.8333333,-0.5666667,de Lédinghen,,,,
de Lédinghen,de Lédinghen,285,Pessac,France,44.8,-0.6166667,de Lédinghen,,,,
De Moura,Cortez-Pinto,159,Lisbon,Portugal,38.7166667,-9.1333332, De Moura,,,,
De Oliveira,Cortez-Pinto,159,Lisbon,Portugal,38.7166667,-9.1333332, De Oliveira,,,,
Delzenne,Daubioul,522,Brussels,Belgium,50.8465975,4.3527746, Delzenne,,,,
Denk,Zatloukal,530,Graz,Austria,47.0666667,15.4499998, Denk,,,,
Deugnier,Mendler,57,Rennes,France,48.0833333,-1.6833333, Deugnier,,,,
Dhawan,Marion,632,London,United Kingdom,51.5084153,-0.1255327, Dhawan,,,,
Diehl,Yamaguchi,38,Durham,United States,35.9940329,-78.8986206, Diehl,,,,
Diehl,Abdelmalek,107,Durham,United States,35.9940329,-78.8986206, Diehl,,,,
Diehl,Michelotti,123,Durham,United States,35.9940329,-78.8986206, Diehl,,,,
Diehl,Jou,140,Durham,United States,35.9940329,-78.8986206, Diehl,,,,
Diehl,Diehl,164,Baltimore,United States,39.2903848,-76.6121902,Diehl,,,,
Diehl,Nair,316,Baltimore,United States,39.2903848,-76.6121902, Diehl,,,,
Diehl,Syn,358,Durham,United States,35.9940329,-78.8986206, Diehl,,,,
Diehl,Witek,365,Durham,United States,35.9940329,-78.8986206, Diehl,,,,
Diehl,Syn,369,Durham,United States,35.9940329,-78.8986206, Diehl,,,,
Diehl,Diehl,406,Durham,United States,35.9940329,-78.8986206,Diehl,,,,
Diehl,Boursier,465,Durham,United States,35.9940329,-78.8986206, Diehl,,,,
Diehl,Syn,477,Durham,United States,35.9940329,-78.8986206, Diehl,,,,
Diehl,Diehl,564,Baltimore,United States,39.2903848,-76.6121902,Diehl,,,,
Diehl,Guy,667,Durham,United States,35.9940329,-78.8986206, Diehl,,,,
Diehl,Syn,707,Durham,United States,35.9940329,-78.8986206, Diehl,,,,
Diehl,Rangwala,772,Durham,United States,35.9940329,-78.8986206, Diehl,,,,
Dierkhising,Charlton,46,Rochester,United States,43.1547845,-77.6155548, Dierkhising,,,,
Dooley,Liu,779,Mannheim,Germany,49.4883333,8.4647226, Dooley,,,,
Dooley,Liu,779,Heidelberg,Germany,49.4076783,8.6907864, Dooley,,,,
Driscoll,Caldwell,17,Charlotte,United States,35.2270869,-80.8431244, Driscoll,,,,
Ehman,Chen,180,Rochester,United States,43.1547845,-77.6155548, Ehman,,,,
El-Serag,White,131,Houston,United States,29.7632836,-95.3632736, El-Serag,,,,
Fallon,Pan,746,Houston,United States,29.7632836,-95.3632736, Fallon,,,,
Fargion,Fracanzani,84,Milano,Italy,45.4642694,9.1895056, Fargion,,,,
Farrell,Robertson,117,Sydney,Australia,-33.86785,151.2073212, Farrell,,,,
Farrell,Farrell,216,Sydney,Australia,-33.86785,151.2073212,Farrell,,,,
Farrell,Van Rooyen,304,Canberra,Australia,-35.2834625,149.128067, Farrell,,,,
Farrell,Larter,359,Canberra,Australia,-35.2834625,149.128067, Farrell,,,,
Farrell,Larter,396,Sydney,Australia,-33.86785,151.2073212, Farrell,,,,
Farrell,Larter,396,Canberra,Australia,-35.2834625,149.128067, Farrell,,,,
Farrell,Chitturi,411,Canberra,Australia,-35.2834625,149.128067, Farrell,,,,
Farrell,Chan,740,Canberra,Australia,-35.2834625,149.128067, Farrell,,,,
Feldstein,Wieckowska,42,Cleveland,United States,41.4994954,-81.6954117, Feldstein,,,,
Feldstein,Wieckowska,99,Cleveland,United States,41.4994954,-81.6954117, Feldstein,,,,
Feldstein,Wieckowska,110,Cleveland,United States,41.4994954,-81.6954117, Feldstein,,,,
Feldstein,Wieckowska,183,Cleveland,United States,41.4994954,-81.6954117, Feldstein,,,,
Feldstein,Wree,232,San Diego,United States,32.7153292,-117.1572571, Feldstein,,,,
Feldstein,Carter-Kent,318,Cleveland,United States,41.4994954,-81.6954117, Feldstein,,,,
Feldstein,Carter-Kent,321,Cleveland,United States,41.4994954,-81.6954117, Feldstein,,,,
Feldstein,Alkhouri,424,Cleveland,United States,41.4994954,-81.6954117, Feldstein,,,,
Feldstein,Diab,491,Cleveland,United States,41.4994954,-81.6954117, Feldstein,,,,
Feldstein,Tamimi,498,Cleveland,United States,41.4994954,-81.6954117, Feldstein,,,,
Feldstein,Zein,566,San Diego,United States,32.7153292,-117.1572571, Feldstein,,,,
Feldstein,Zein,566,Cleveland,United States,41.4994954,-81.6954117, Feldstein,,,,
Feldstein,Wree,599,San Diego,United States,32.7153292,-117.1572571, Feldstein,,,,
Feldstein,Adams,731,Cleveland,United States,41.4994954,-81.6954117, Feldstein,,,,
Ferguson,Younossi,502,Cleveland,United States,41.4994954,-81.6954117, Ferguson,,,,
Fernandez-Checa,Garcia-Ruiz,671,Barcelona,Spain,41.3887869,2.1589851, Fernandez-Checa,,,,
Fernández-Rãada,Tomás,652,Madrid,Spain,40.4165021,-3.7025642, Fernández-Rãada,,,,
Fiorelli,Fargion,202,Milano,Italy,45.4642694,9.1895056, Fiorelli,,,,
Flum,Beymer,302,Seattle,United States,47.6062095,-122.3320694, Flum,,,,
Flum,Beymer,302,Washington,United States,38.8951118,-77.0363693, Flum,,,,
Forlani,Marchesini,374,Bologna,Italy,44.4938115,11.3387489, Forlani,,,,
Friedman,Rahman,521,Denver,United States,39.7391536,-104.9847031, Friedman,,,,
Friedman,Rahman,521,Aurora,United States,39.7294319,-104.8319168, Friedman,,,,
Fromenty,Begriche,61,Paris,France,48.85341,2.3487999, Fromenty,,,,
Fromenty,Pessayre,147,Paris,France,48.85341,2.3487999, Fromenty,,,,
Fromenty,Begriche,305,Rennes,France,48.0833333,-1.6833333, Fromenty,,,,
Fromenty,Aubert,409,Rennes,France,48.0833333,-1.6833333, Fromenty,,,,
Fukui,Kitade,429,Nara,Japan,34.6850548,135.8048553, Fukui,,,,
Fukui,Kitade,429,Fukui,Japan,36.0644338,136.2225647, Fukui,,,,
Fukusato,Takahashi,174,Tokyo,Japan,35.6895266,139.6916809, Fukusato,,,,
Galle,Schattenberg,656,Mainz,Germany,50,8.2711115, Galle,,,,
Galvano,Malaguarnera,279,Catania,Italy,37.502134,15.0871897, Galvano,,,,
Galvano,Malaguarnera,459,Catania,Italy,37.502134,15.0871897, Galvano,,,,
García-Monzón,Miquilena-Colina,303,Madrid,Spain,40.4165021,-3.7025642, García-Monzón,,,,
García-Ruiz,Caballero,258,Barcelona,Spain,41.3887869,2.1589851, García-Ruiz,,,,
García-Ruiz,Caballero,629,Barcelona,Spain,41.3887869,2.1589851, García-Ruiz,,,,
Gastaldelli,Svegliati-Baroni,206,Pisa,Italy,43.7175199,10.3964996, Gastaldelli,,,,
Gaudio,Nobili,691,Rome,Italy,41.9,12.4833336, Gaudio,,,,
George,Hui,19,Sydney,Australia,-33.86785,151.2073212, George,,,,
George,Chitturi,122,Sydney,Australia,-33.86785,151.2073212, George,,,,
George,Hebbard,178,Sydney,Australia,-33.86785,151.2073212, George,,,,
George,Chitturi,181,Sydney,Australia,-33.86785,151.2073212, George,,,,
George,Angulo,297,Sydney,Australia,-33.86785,151.2073212, George,,,,
George,Chitturi,665,Sydney,Australia,-33.86785,151.2073212, George,,,,
George,London,697,Sydney,Australia,-33.86785,151.2073212, George,,,,
Gill,Zhu,95,Rochester,United States,43.1547845,-77.6155548, Gill,,,,
Gill,Zhu,95,Rochester,United States,43.1547845,-77.6155548, Gill,,,,
Goergens,Hallier,609,Dortmund,Germany,51.5166667,7.4499998, Goergens,,,,
Goldin,Anstee,628,London,United Kingdom,51.5084153,-0.1255327, Goldin,,,,
Gores,Feldstein,23,Rochester,United States,43.1547845,-77.6155548, Gores,,,,
Gores,Charlton,346,Rochester,United States,43.1547845,-77.6155548, Gores,,,,
Gores,Higuchi,531,Rochester,United States,43.1547845,-77.6155548, Gores,,,,
Gores,Barreyro,787,Rochester,United States,43.1547845,-77.6155548, Gores,,,,
Green,Rinella,179,Chicago,United States,41.850033,-87.6500549, Green,,,,
Green,Koppe,517,Chicago,United States,41.850033,-87.6500549, Green,,,,
Green,Green,721,Chicago,United States,41.850033,-87.6500549,Green,,,,
Grieco,Miele,35,Rome,Italy,41.9,12.4833336, Grieco,,,,
Gual,Anty,372,Nice,France,43.7031261,7.2660828, Gual,,,,
Gual,Bertola,487,Nice,France,43.7031261,7.2660828, Gual,,,,
Guo,Kong,500,Kansas City,United States,39.0997266,-94.5785675, Guo,,,,
Hadjiyannakis,Stratopoulos,664,Athens,Greece,37.9833333,23.7333336, Hadjiyannakis,,,,
Hahn,Tosello-Trampont,344,Charlotte,United States,35.2270869,-80.8431244, Hahn,,,,
Hancock,Lisjak,497,Bristol,United Kingdom,51.45,-2.5833333, Hancock,,,,
Harrison,Williams,14,Houston,United States,29.7632836,-95.3632736, Harrison,,,,
Harrison,Starley,20,Houston,United States,29.7632836,-95.3632736, Harrison,,,,
Harrison,Nelson,266,Houston,United States,29.7632836,-95.3632736, Harrison,,,,
Harrison,Barker,283,Houston,United States,29.7632836,-95.3632736, Harrison,,,,
Harrison,Palekar,324,Houston,United States,29.7632836,-95.3632736, Harrison,,,,
Harrison,Palekar,324,San Antonio,United States,29.4241219,-98.4936295, Harrison,,,,
Harrison,Torres,364,Houston,United States,29.7632836,-95.3632736, Harrison,,,,
Harrison,Torres,364,San Antonio,United States,29.4241219,-98.4936295, Harrison,,,,
Harrison,Torres,548,Houston,United States,29.7632836,-95.3632736, Harrison,,,,
Harrison,Page,614,Houston,United States,29.7632836,-95.3632736, Harrison,,,,
Harrison,Torres,768,Houston,United States,29.7632836,-95.3632736, Harrison,,,,
Harrison,Torres,768,San Antonio,United States,29.4241219,-98.4936295, Harrison,,,,
Hart,Mohanty,708,Chicago,United States,41.850033,-87.6500549, Hart,,,,
Hayashi,Harrison,78,San Antonio,United States,29.4241219,-98.4936295, Hayashi,,,,
Hayashi,Harrison,78,Denver,United States,39.7391536,-104.9847031, Hayashi,,,,
Hayashi,Harrison,248,San Antonio,United States,29.4241219,-98.4936295, Hayashi,,,,
Hayashi,Kamada,289,Osaka,Japan,34.6937398,135.502182, Hayashi,,,,
Hayashi,Kamada,289,Suita,Japan,34.761429,135.5156708, Hayashi,,,,
Hayashi,Kamada,427,Osaka,Japan,34.6937398,135.502182, Hayashi,,,,
Hayashi,Kamada,427,Suita,Japan,34.761429,135.5156708, Hayashi,,,,
Hayashi,Shimada,666,Tokyo,Japan,35.6895266,139.6916809, Hayashi,,,,
Hayes,Chowdhry,437,Dundee,United Kingdom,56.5,-2.9666667, Hayes,,,,
Hazen,Feldstein,425,Cleveland,United States,41.4994954,-81.6954117, Hazen,,,,
Heathcote,Allard,391,Toronto,Canada,43.7001138,-79.4163055, Heathcote,,,,
Hellerbrand,Dietrich,588,Regensburg,Germany,49.015,12.0955553, Hellerbrand,,,,
Hellerbrand,Dorn,732,Regensburg,Germany,49.015,12.0955553, Hellerbrand,,,,
Herkel,Peiseler,602,Hamburg,Germany,53.55,10, Herkel,,,,
Hespenheide,Caldwell,327,Charlotte,United States,35.2270869,-80.8431244, Hespenheide,,,,
Hespenheide,Caldwell,742,Charlotte,United States,35.2270869,-80.8431244, Hespenheide,,,,
Hibi,Tomita,152,Tokyo,Japan,35.6895266,139.6916809, Hibi,,,,
Hibi,Tomita,585,Tokyo,Japan,35.6895266,139.6916809, Hibi,,,,
Hibi,Tomita,689,Tokyo,Japan,35.6895266,139.6916809, Hibi,,,,
Hofker,Wouters,124,Groningen,Netherlands,53.219167,6.5666671, Hofker,,,,
Hofker,Shiri-Sverdlov,461,Maastricht,Netherlands,50.848333,5.688889, Hofker,,,,
Horsmans,Stärkel,438,Brussels,Belgium,50.8465975,4.3527746, Horsmans,,,,
Hultcrantz,S?oderberg,62,Stockholm,Sweden,59.3325765,18.0649033, Hultcrantz,,,,
Hultcrantz,S?oderberg,62,Huddinge,Sweden,59.2370497,17.9819164, Hultcrantz,,,,
Idle,Beyo?lu,641,Bern,Switzerland,46.9480943,7.447443, Idle,,,,
Ilan,Elinav,670,Jerusalem,Israel,31.7666667,35.2333336, Ilan,,,,
Ilan,Ilan,767,Jerusalem,Israel,31.7666667,35.2333336,Ilan,,,,
Inge,Xanthakos,686,Cincinnati,United States,39.1620036,-84.4568863, Inge,,,,
Ioannou,Savard,504,Seattle,United States,47.6062095,-122.3320694, Ioannou,,,,
Ioannou,Savard,504,Washington,United States,38.8951118,-77.0363693, Ioannou,,,,
Ioannou,Afzali,692,Seattle,United States,47.6062095,-122.3320694, Ioannou,,,,
Ioannou,Afzali,692,Washington,United States,38.8951118,-77.0363693, Ioannou,,,,
Ishibashi,Abiru,307,Nagasaki,Japan,32.755,129.8683319, Ishibashi,,,,
Itoh,Sumida,518,Kyoto,Japan,35.02107,135.7538452, Itoh,,,,
Itoh,Okanoue,663,Kyoto,Japan,35.02107,135.7538452, Itoh,,,,
Jacob,Wang,175,Columbus,United States,39.9611755,-82.9987946, Jacob,,,,
Jacob,Wang,455,Columbus,United States,39.9611755,-82.9987946, Jacob,,,,
Jakate,Cotler,674,Chicago,United States,41.850033,-87.6500549, Jakate,,,,
Kanatani,Ito,586,Ibaraki,Japan,34.8164106,135.5682831, Kanatani,,,,
Kaneko,Matsuzawa,127,Kanazawa,Japan,36.5666667,136.6499939, Kaneko,,,,
Kaneko,Ota,269,Kanazawa,Japan,36.5666667,136.6499939, Kaneko,,,,
Kaplowitz,Ji,385,Los Angeles,United States,34.0522342,-118.2436829, Kaplowitz,,,,
Karakok,Koruk,367,Gaziantep,Turkey,37.0594444,37.3824997, Karakok,,,,
Karin,Sun,229,San Diego,United States,32.7153292,-117.1572571, Karin,,,,
Karin,Nakagawa,442,San Diego,United States,32.7153292,-117.1572571, Karin,,,,
Kawada,Otogawa,451,Osaka,Japan,34.6937398,135.502182, Kawada,,,,
Kawada,Fujii,590,Osaka,Japan,34.6937398,135.502182, Kawada,,,,
Kawada,Fujii,590,Fuji,Japan,35.1666667,138.6833344, Kawada,,,,
Keshavarzian,Farhadi,403,Chicago,United States,41.850033,-87.6500549, Keshavarzian,,,,
Khettry,Ayata,412,Boston,United States,42.3584308,-71.0597763, Khettry,,,,
Kilic,Sabuncu,392,Sanliurfa,Turkey,37.1511111,38.792778, Kilic,,,,
Kirsch,Kirsch,291,Cape Town,South Africa,-33.9166667,18.416666,Kirsch,,,,
Kirwan,Pagadala,626,Cleveland,United States,41.4994954,-81.6954117, Kirwan, Cleveland Clinic, OH 44195, United States,
Kiyosawa,Umemura,294,Nagano,Japan,36.65,138.1833344, Kiyosawa,,,,
Kocer,Baskol,739,Kayseri,Turkey,38.7322222,35.4852791, Kocer,,,,
Koek,Te Sligte,675,Maastricht,Netherlands,50.848333,5.688889, Koek,,,,
Konturek,Konturek,436,Jena,Germany,50.9333333,11.583333,Konturek,,,,
Kountouras,Polyzos,352,Thessaloniki,Greece,40.6402778,22.9438896, Kountouras,,,,
Kowdley,Neuschwander-Tetri,157,Seattle,United States,47.6062095,-122.3320694, Kowdley,,,,
Kowdley,Roth,394,Seattle,United States,47.6062095,-122.3320694, Kowdley,,,,
Kowdley,Roth,394,Washington,United States,38.8951118,-77.0363693, Kowdley,,,,
Kowdley,Liou,501,Seattle,United States,47.6062095,-122.3320694, Kowdley,,,,
Kowdley,Liou,501,Washington,United States,38.8951118,-77.0363693, Kowdley,,,,
Kowdley,Nelson,621,Seattle,United States,47.6062095,-122.3320694, Kowdley,,,,
Kowdley,Nelson,621,Washington,United States,38.8951118,-77.0363693, Kowdley,,,,
Kroemer,Brenner,149,Paris,France,48.85341,2.3487999, Kroemer, Hôpital Européen Georges Pompidou, AP-HP, F-75015 Paris, France
Kumada,Kawamura,577,Tokyo,Japan,35.6895266,139.6916809, Kumada,,,,
Larter,Farrell,4,Sydney,Australia,-33.86785,151.2073212, Larter,,,,
Lavine,Lavine,43,San Diego,United States,32.7153292,-117.1572571,Lavine,,,,
Lavine,Schwimmer,50,San Diego,United States,32.7153292,-117.1572571, Lavine,,,,
Lavine,Patton,204,San Diego,United States,32.7153292,-117.1572571, Lavine,,,,
Lavine,Loomba,228,San Diego,United States,32.7153292,-117.1572571, Lavine,,,,
Lavine,Patton,508,San Diego,United States,32.7153292,-117.1572571, Lavine,,,,
le Bail,de Lédinghen,285,Bordeaux,France,44.8333333,-0.5666667, le Bail,,,,
le Bail,de Lédinghen,285,Pessac,France,44.8,-0.6166667, le Bail,,,,
Le Marchand-Brustel,Bekri,102,Nice,France,43.7031261,7.2660828, Le Marchand-Brustel,,,,
Lee,Lee,44,Portland,United States,45.5234515,-122.6762085,Lee,,,,
Li,Ma,339,Hangzhou,China,30.2552778,120.1688919, Li,,,,
Li,Ma,339,Hangzhou,China,30.2552778,120.1688919, Li,,,,
Li Volti,Salamone,729,Palermo,Italy,38.1158198,13.3597612, Li Volti, San Donato Milanese (MI), Italy,,
Li Volti,Salamone,729,Catania,Italy,37.502134,15.0871897, Li Volti, San Donato Milanese (MI), Italy,,
Lindor,Angulo,7,Rochester,United States,43.1547845,-77.6155548, Lindor,,,,
Lindor,Abdelmalek,73,Rochester,United States,43.1547845,-77.6155548, Lindor,,,,
Lindor,Sorbi,116,Rochester,United States,43.1547845,-77.6155548, Lindor,,,,
Lindor,Adams,184,Rochester,United States,43.1547845,-77.6155548, Lindor,,,,
Lindor,Ludwig,221,Rochester,United States,43.1547845,-77.6155548, Lindor,,,,
Lindor,Abdelmalek,314,Rochester,United States,43.1547845,-77.6155548, Lindor,,,,
Lindor,Abdelmalek,314,Durham,United States,35.9940329,-78.8986206, Lindor,,,,
Lindor,Nehra,387,Rochester,United States,43.1547845,-77.6155548, Lindor,,,,
Lindor,Ali,700,Scottsdale,United States,33.5092103,-111.8990326, Lindor,,,,
Lindor,Charlton,761,Rochester,United States,43.1547845,-77.6155548, Lindor,,,,
Lonardo,Nascimbeni,224,Modena,Italy,44.647834,10.9253883, Lonardo,,,,
Lonardo,Loria,751,Modena,Italy,44.647834,10.9253883, Lonardo,,,,
Lonardo,Lonardo,786,Modena,Italy,44.647834,10.9253883,Lonardo,,,,
Loomba,Singh,169,San Diego,United States,32.7153292,-117.1572571, Loomba,,,,
Loomba,Boettcher,345,San Diego,United States,32.7153292,-117.1572571, Loomba,,,,
Loomba,Permutt,357,San Diego,United States,32.7153292,-117.1572571, Loomba,,,,
Loomba,Le,458,San Diego,United States,32.7153292,-117.1572571, Loomba,,,,
Loomba,Stein,734,San Diego,United States,32.7153292,-117.1572571, Loomba,,,,
Loria,Lonardo,718,Modena,Italy,44.647834,10.9253883, Loria,,,,
Lucey,Burke,271,Madison,United States,43.0730517,-89.4012299, Lucey,,,,
Ludwig,Shimada,106,Rochester,United States,43.1547845,-77.6155548, Ludwig,,,,
Luedde,Gautheron,701,Kiel,Germany,54.3213293,10.1348877, Luedde,,,,
Luedde,Gautheron,701,Aachen,Germany,50.7766356,6.0834217, Luedde,,,,
Lustig,Lim,118,San Francisco,United States,37.7749295,-122.4194183, Lustig,,,,
Ma,Tang,450,Shanghai,China,31.2222222,121.4580536, Ma,,,,
Ma,Qiu,798,Shanghai,China,31.2222222,121.4580536, Ma,,,,
Makuuchi,Khan,543,Tokyo,Japan,35.6895266,139.6916809, Makuuchi,,,,
Malaguarnera,Malaguarnera,253,Catania,Italy,37.502134,15.0871897,Malaguarnera,,,,
Malaguarnera,Malaguarnera,253,Catania,Italy,37.502134,15.0871897, Malaguarnera,,,,
Malaguarnera,Malaguarnera,452,Catania,Italy,37.502134,15.0871897,Malaguarnera,,,,
Malaguarnera,Malaguarnera,452,Catania,Italy,37.502134,15.0871897, Malaguarnera,,,,
Malet,Kumar,464,Dallas,United States,32.7830556,-96.8066635, Malet,,,,
Maniu,Lup?or,647,Cluj-Napoca,Romania,46.7666667,23.6000004, Maniu,,,,
Maniu,Lup?or,647,Roman,Romania,46.9166667,26.916666, Maniu,,,,
Mantzoros,Polyzos,558,Boston,United States,42.3584308,-71.0597763, Mantzoros,,,,
Maratos-Flier,Dushay,136,Boston,United States,42.3584308,-71.0597763, Maratos-Flier,,,,
Marcellin,Bedossa,485,Clichy,France,48.9,2.3, Marcellin,,,,
Marcellini,Nobili,741,Rome,Italy,41.9,12.4833336, Marcellini,,,,
Marchesini,Ratziu,30,Bologna,Italy,44.4938115,11.3387489, Marchesini,,,,
Marchesini,Bugianesi,293,Bologna,Italy,44.4938115,11.3387489, Marchesini,,,,
Marchesini,Bugianesi,293,Massa,Italy,44.022045,10.1140928, Marchesini,,,,
Marino,Bellentani,203,Modena,Italy,44.647834,10.9253883, Marino,,,,
Marino,Bellentani,203,Carpi,Italy,44.78237,10.877697, Marino,,,,
Marzocchi,Marchesini,581,Bologna,Italy,44.4938115,11.3387489, Marzocchi,,,,
Marzocchi,Marchesini,581,Massa,Italy,44.022045,10.1140928, Marzocchi,,,,
Mastai,Toblli,792,Buenos Aires,Argentina,-34.5761256,-58.4088135, Mastai,,,,
Mathurin,Lassailly,448,Lille,France,50.6333333,3.0666666, Mathurin,,,,
Mavromichalis,Papandreou,456,Thessaloniki,Greece,40.6402778,22.9438896, Mavromichalis,,,,
McClain,Kugelmas,64,Louisville,United States,38.2542376,-85.759407, McClain,,,,
McClain,Cave,185,Louisville,United States,38.2542376,-85.759407, McClain,,,,
McClain,Joshi-Barve,244,Louisville,United States,38.2542376,-85.759407, McClain, Louisville, KY 40292, United States,
McCullough,Feldstein,77,Cleveland,United States,41.4994954,-81.6954117, McCullough,,,,
McCullough,McCullough,89,Cleveland,United States,41.4994954,-81.6954117,McCullough,,,,
McCullough,McCullough,125,Cleveland,United States,41.4994954,-81.6954117,McCullough,,,,
Mccullough,Sanyal,132,Cleveland,United States,41.4994954,-81.6954117, Mccullough,,,,
McCullough,Younossi,160,Cleveland,United States,41.4994954,-81.6954117, McCullough,,,,
McCullough,Younossi,166,Cleveland,United States,41.4994954,-81.6954117, McCullough,,,,
Mccullough,Zein,213,Cleveland,United States,41.4994954,-81.6954117, Mccullough,,,,
McCullough,Youssef,407,Cleveland,United States,41.4994954,-81.6954117, McCullough,,,,
McCullough,McCullough,555,Cleveland,United States,41.4994954,-81.6954117,McCullough,,,,
McCullough,Zein,604,Cleveland,United States,41.4994954,-81.6954117, McCullough,,,,
Mccullough,Mccullough,703,Cleveland,United States,41.4994954,-81.6954117,Mccullough,,,,
McCullough,Youssef,712,Cleveland,United States,41.4994954,-81.6954117, McCullough,,,,
McCuskey,Farrell,299,Tucson,United States,32.2217429,-110.9264755, McCuskey,,,,
McGill,Laurin,40,Rochester,United States,43.1547845,-77.6155548, McGill,,,,
Memik,Kiyici,231,Bursa,Turkey,40.1916667,29.0611115, Memik,,,,
Merriman,Campos,473,San Francisco,United States,37.7749295,-122.4194183, Merriman,,,,
Merriman,Krasnoff,545,San Francisco,United States,37.7749295,-122.4194183, Merriman,,,,
Milburn,Kalhan,298,Durham,United States,35.9940329,-78.8986206, Milburn,,,,
Mohanty,Lewis,161,Chicago,United States,41.850033,-87.6500549, Mohanty,,,,
Monga,Monga,574,Pittsburgh,United States,40.4406248,-79.9958878,Monga,,,,
Montoliu,Felipo,769,Valencia,Spain,39.4697524,-0.3773868, Montoliu,,,,
Moreno-Otero,Medina,261,Madrid,Spain,40.4165021,-3.7025642, Moreno-Otero,,,,
Moschen,Tilg,18,Innsbruck,Austria,47.2666667,11.3999996, Moschen,,,,
Muggeo,Targher,553,Verona,Italy,45.434186,10.9977884, Muggeo,,,,
Mulder,Schreuder,342,Amsterdam,Netherlands,52.373084,4.8999023, Mulder,,,,
Müller,Duval,527,Wageningen,Netherlands,51.97,5.666667, Müller,,,,
Müller,De Wit,727,Wageningen,Netherlands,51.97,5.666667, Müller,,,,
Muntané,García-Galiano,802,Cordoba,Spain,37.8833333,-4.7666669, Muntané,,,,
Murakami,Tsuda,711,Osaka,Japan,34.6937398,135.502182, Murakami,,,,
Murr,Shalhub,676,Tampa,United States,27.9475216,-82.4584274, Murr,,,,
Nadeau,Hill-Baskin,499,Cleveland,United States,41.4994954,-81.6954117, Nadeau,,,,
Nagata,Sakaguchi,681,Sendai,Japan,38.2547222,140.8847198, Nagata,,,,
Nagy,Chiang,549,Cleveland,United States,41.4994954,-81.6954117, Nagy,,,,
Nair,Charlton,150,Rochester,United States,43.1547845,-77.6155548, Nair,,,,
Nak,Yilmaz,323,Bursa,Turkey,40.1916667,29.0611115, Nak,,,,
Nakajima,Yoneda,134,Yokohama,Japan,35.45,139.6499939, Nakajima,,,,
Nakajima,Yoneda,239,Yokohama,Japan,35.45,139.6499939, Nakajima,,,,
Nakajima,Yoneda,239,Kanazawa,Japan,36.5666667,136.6499939, Nakajima,,,,
Nakajima,Imajo,402,Toyama,Japan,36.6833333,137.2166595, Nakajima,,,,
Nakajima,Imajo,402,Yokohama,Japan,35.45,139.6499939, Nakajima,,,,
Nakajima,Yoneda,509,Yokohama,Japan,35.45,139.6499939, Nakajima,,,,
Nakajima,Fujita,514,Yokohama,Japan,35.45,139.6499939, Nakajima,,,,
Nakajima,Fujita,514,Kanazawa,Japan,36.5666667,136.6499939, Nakajima,,,,
Nakajima,Fujita,514,Fuji,Japan,35.1666667,138.6833344, Nakajima,,,,
Nakamura,Yokohama,76,Yokohama,Japan,35.45,139.6499939, Nakamura,,,,
Nakamura,Yokohama,76,Asahikawa,Japan,43.7677778,142.370285, Nakamura,,,,
Nakamuta,Sugimoto,672,Fukuoka,Japan,33.5833333,130.3999939, Nakamuta,,,,
Naserimoghadam,Merat,447,Tehran,Iran,35.6719444,51.4244461, Naserimoghadam,,,,
Nelson,Kowdley,225,Seattle,United States,47.6062095,-122.3320694, Nelson,,,,
Neumeier,Buechler,340,Regensburg,Germany,49.015,12.0955553, Neumeier,,,,
Neuschwander-Tetri,Neuschwander-Tetri,58,Saint Louis,United States,38.6272733,-90.1978912,Neuschwander-Tetri,,,,
Neuschwander-Tetri,Brunt,72,Saint Louis,United States,38.6272733,-90.1978912, Neuschwander-Tetri,,,,
Neuschwander-Tetri,Tetri,162,Saint Louis,United States,38.6272733,-90.1978912, Neuschwander-Tetri,,,,
Neuschwander-Tetri,Neuschwander-Tetri,301,Saint Louis,United States,38.6272733,-90.1978912,Neuschwander-Tetri,,,,
Newsome,Dowman,237,Birmingham,United Kingdom,52.4666667,-1.9166667, Newsome,,,,
Newsome,Dowman,668,Birmingham,United Kingdom,52.4666667,-1.9166667, Newsome,,,,
Nielsen,Mardinoglu,350,Stockholm,Sweden,59.3325765,18.0649033, Nielsen,,,,
Nightingale,Palmeri,173,Durham,United States,35.9940329,-78.8986206, Nightingale,,,,
Nobili,Manco,377,Rome,Italy,41.9,12.4833336, Nobili,,,,
Nobili,Manco,492,Rome,Italy,41.9,12.4833336, Nobili,,,,
Nobili,Alisi,705,Rome,Italy,41.9,12.4833336, Nobili,,,,
Nobili,Giorgio,714,Rome,Italy,41.9,12.4833336, Nobili,,,,
Nobili,Feldstein,788,Rome,Italy,41.9,12.4833336, Nobili,,,,
Nouso,Takuma,648,Okayama,Japan,34.65,133.9166718, Nouso,,,,
Obermeier,Gäbele,617,Regensburg,Germany,49.015,12.0955553, Obermeier,,,,
O'Brien,Dixon,11,Melbourne,Australia,-37.8139966,144.9633179, O'Brien,,,,
O'Brien,Dixon,31,Melbourne,Australia,-37.8139966,144.9633179, O'Brien,,,,
O'Brien,Dixon,384,Melbourne,Australia,-37.8139966,144.9633179, O'Brien,,,,
Ohnishi,Asano,735,Tokyo,Japan,35.6895266,139.6916809, Ohnishi,,,,
Okanoue,Yasui,249,Kyoto,Japan,35.02107,135.7538452, Okanoue,,,,
Okanoue,Yasui,249,Suita,Japan,34.761429,135.5156708, Okanoue,,,,
Okanoue,Kawaguchi,368,Kawaguchi,Japan,35.805,139.7205505, Okanoue,,,,
Okanoue,Kawaguchi,368,Suita,Japan,34.761429,135.5156708, Okanoue,,,,
Okanoue,Sumida,526,Osaka,Japan,34.6937398,135.502182, Okanoue,,,,
Okanoue,Sumida,526,Suita,Japan,34.761429,135.5156708, Okanoue,,,,
Okita,Kawaguchi,386,Kawaguchi,Japan,35.805,139.7205505, Okita,,,,
Omata,Ohki,636,Tokyo,Japan,35.6895266,139.6916809, Omata,,,,
Onishi,Namikawa,209,Kochi,Japan,33.55,133.5500031, Onishi,,,,
Onishi,Hirose,240,Kochi,Japan,33.55,133.5500031, Onishi,,,,
Onishi,Dong,638,Kochi,Japan,33.55,133.5500031, Onishi,,,,
Ozden,Idilman,783,Ankara,Turkey,39.9272222,32.8644447, Ozden,,,,
Pagano,Musso,48,Torino,Italy,45.0704898,7.6868248, Pagano,,,,
Palasciano,Portincasa,651,Bari,Italy,41.117734,16.8511848, Palasciano,,,,
Paletas,Paschos,187,Thessaloniki,Greece,40.6402778,22.9438896, Paletas,,,,
Palmeira,Rolo,83,Coimbra,Portugal,40.2,-8.416667, Palmeira,,,,
Parker Jr,Caldwell,88,Charlotte,United States,35.2270869,-80.8431244, Parker Jr,,,,
Pasparakis,Luedde,68,Rome,Italy,41.9,12.4833336, Pasparakis,,,,
Pattou,Mathurin,148,Lille,France,50.6333333,3.0666666, Pattou,,,,
Persico,Masarone,483,Salerno,Italy,40.66321,14.8037453, Persico,,,,
Pessayre,Fromenty,214,Paris,France,48.85341,2.3487999, Pessayre,,,,
Pessayre,Pessayre,233,Paris,France,48.85341,2.3487999,Pessayre,,,,
Pinzani,Schuppan,730,Cleveland,United States,41.4994954,-81.6954117, Pinzani,,,,
Pinzani,Schuppan,730,Florence,Italy,43.7666667,11.25, Pinzani,,,,
Pirola,Sookoian,60,Buenos Aires,Argentina,-34.5761256,-58.4088135, Pirola,,,,
Pirola,Sookoian,155,Buenos Aires,Argentina,-34.5761256,-58.4088135, Pirola,,,,
Pirola,Sookoian,170,Buenos Aires,Argentina,-34.5761256,-58.4088135, Pirola,,,,
Polotsky,Savransky,277,Baltimore,United States,39.2903848,-76.6121902, Polotsky,,,,
Polotsky,Savransky,371,Baltimore,United States,39.2903848,-76.6121902, Polotsky,,,,
Pons-Romero,Crespo,47,Santander,Spain,43.4647222,-3.8044443, Pons-Romero,,,,
Pons-Romero,Guerra,259,Santander,Spain,43.4647222,-3.8044443, Pons-Romero,,,,
Pons-Romero,Cuadrado,546,Santander,Spain,43.4647222,-3.8044443, Pons-Romero,,,,
Pons-Romero,Crespo,777,Santander,Spain,43.4647222,-3.8044443, Pons-Romero,,,,
Poordad,Oh,544,Los Angeles,United States,34.0522342,-118.2436829, Poordad,,,,
Portincasa,Krawczyk,432,Bari,Italy,41.117734,16.8511848, Portincasa,,,,
Powell,George,27,Brisbane,Australia,-27.4679357,153.0280914, Powell,,,,
Poynard,Ratziu,12,Paris,France,48.85341,2.3487999, Poynard,,,,
Poynard,Ratziu,70,Paris,France,48.85341,2.3487999, Poynard,,,,
Poynard,Ratziu,198,Paris,France,48.85341,2.3487999, Poynard,,,,
Poynard,Ratziu,313,Paris,France,48.85341,2.3487999, Poynard,,,,
Prieto,Berasain,379,Pamplona,Spain,42.8168735,-1.6432285, Prieto,,,,
Quigley,Abu-Shanab,176,Cork,Ireland,51.8986111,-8.4958334, Quigley,,,,
Quigley,Shanab,550,Cork,Ireland,51.8986111,-8.4958334, Quigley,,,,
Raiford,Washington,538,Washington,United States,38.8951118,-77.0363693, Raiford,,,,
Raiford,Washington,538,Nashville,United States,36.1658899,-86.7844467, Raiford,,,,
Ramalho,Ramalho,775,Lisbon,Portugal,38.7166667,-9.1333332,Ramalho,,,,
Ratziu,Pais,242,Paris,France,48.85341,2.3487999, Ratziu,,,,
Redick,Caldwell,619,Charlotte,United States,35.2270869,-80.8431244, Redick,,,,
Regev,Bhagat,571,Miami,United States,25.7742658,-80.1936569, Regev,,,,
Reid,Reid,49,Boston,United States,42.3584308,-71.0597763,Reid,,,,
Richards,Loomba,495,San Diego,United States,32.7153292,-117.1572571, Richards,,,,
Riely,Willner,100,Memphis,United States,35.1495343,-90.0489807, Riely,,,,
Rinella,van Wagner,603,Chicago,United States,41.850033,-87.6500549, Rinella,,,,
Rinella,Vanwagner,702,Chicago,United States,41.850033,-87.6500549, Rinella,,,,
Rinella,McCarthy,757,Chicago,United States,41.850033,-87.6500549, Rinella,,,,
Roberts,Roberts,776,Toronto,Canada,43.7001138,-79.4163055,Roberts,,,,
Robertson,Leclercq,25,Sydney,Australia,-33.86785,151.2073212, Robertson,,,,
Rodrigues,Ribeiro,129,Lisbon,Portugal,38.7166667,-9.1333332, Rodrigues,,,,
Rodrigues,Castro,382,Lisbon,Portugal,38.7166667,-9.1333332, Rodrigues,,,,
Rodrigues,Ramalho,794,Lisbon,Portugal,38.7166667,-9.1333332, Rodrigues,,,,
Roth,Trevaskis,643,San Diego,United States,32.7153292,-117.1572571, Roth,,,,
Rotter,Chalasani,250,Los Angeles,United States,34.0522342,-118.2436829, Rotter,,,,
Sahin,Bahcecioglu,650,Elazig,Turkey,38.6752778,39.2205544, Sahin,,,,
Saibara,Eguchi,309,Kochi,Japan,33.55,133.5500031, Saibara,,,,
Salizzoni,Bugianesi,10,Bologna,Italy,44.4938115,11.3387489, Salizzoni,,,,
Salles,Leite,644,Rio de Janeiro,Brazil,-22.9027778,-43.2075005, Salles,,,,
Santucci,Fiorucci,322,Perugia,Italy,43.096743,12.3828583, Santucci,,,,
Sanyal,Loomba,66,San Diego,United States,32.7153292,-117.1572571, Sanyal,,,,
Sarin,Satapathy,236,Delhi,India,28.6666667,77.2166672, Sarin,,,,
Sarin,Satapathy,380,Delhi,India,28.6666667,77.2166672, Sarin,,,,
Sarr,Charlton,774,Rochester,United States,43.1547845,-77.6155548, Sarr,,,,
Sattar,Preiss,177,Glasgow,United Kingdom,55.8333333,-4.25, Sattar,,,,
Savassi Rocha,De Almeida,784,Belo Horizonte,Brazil,-19.9208333,-43.9377785, Savassi Rocha,,,,
Savassi Rocha,De Almeida,784,Belo Horizonte,Brazil,-19.9208333,-43.9377785, Savassi Rocha,,,,
Schattenberg,Schuppan,443,Mainz,Germany,50,8.2711115, Schattenberg,,,,
Schenker,Harrison,241,San Antonio,United States,29.4241219,-98.4936295, Schenker,,,,
Schuppan,Kornek,749,Boston,United States,42.3584308,-71.0597763, Schuppan,,,,
Schuppan,Kornek,749,Mainz,Germany,50,8.2711115, Schuppan,,,,
Schuppan,Schattenberg,770,Boston,United States,42.3584308,-71.0597763, Schuppan,,,,
Schuppan,Schattenberg,770,Mainz,Germany,50,8.2711115, Schuppan,,,,
Schwimmer,Kistler,300,San Diego,United States,32.7153292,-117.1572571, Schwimmer,,,,
Schwimmer,Dunn,505,San Diego,United States,32.7153292,-117.1572571, Schwimmer,,,,
Sedger,Farrell,695,Sydney,Australia,-33.86785,151.2073212, Sedger,,,,
Seeley,Kohli,263,Cincinnati,United States,39.1620036,-84.4568863, Seeley,,,,
Seki,Miura,103,San Diego,United States,32.7153292,-117.1572571, Seki,,,,
Seki,Miura,262,San Diego,United States,32.7153292,-117.1572571, Seki,,,,
Seki,Miura,476,San Diego,United States,32.7153292,-117.1572571, Seki,,,,
Seki,Roh,539,San Diego,United States,32.7153292,-117.1572571, Seki,,,,
Sekine,Hotta,646,Kyoto,Japan,35.02107,135.7538452, Sekine,,,,
Sentürk,Basaranoglu,642,Istanbul,Turkey,41.013843,28.9496613, Sentürk,,,,
Serfaty,Lemoine,488,Paris,France,48.85341,2.3487999, Serfaty,,,,
Serfaty,Lemoine,698,Paris,France,48.85341,2.3487999, Serfaty, 75571 Paris Cedex 12, France,,
Shah,Prashanth,554,Mumbai,India,19.01441,72.8479385, Shah,,,,
Shapiro,Mudaliar,108,San Diego,United States,32.7153292,-117.1572571, Shapiro,,,,
Shapiro,Adorini,317,San Diego,United States,32.7153292,-117.1572571, Shapiro,,,,
Shapiro,Pockros,400,San Diego,United States,32.7153292,-117.1572571, Shapiro,,,,
Sheppard,Caldwell,75,Charlotte,United States,35.2270869,-80.8431244, Sheppard,,,,
Shiota,Wanless,337,Kurume,Japan,33.3166667,130.5166626, Shiota,,,,
Shiratori,Yatsuji,226,Tokyo,Japan,35.6895266,139.6916809, Shiratori,,,,
Shiratori,Hashimoto,230,Tokyo,Japan,35.6895266,139.6916809, Shiratori,,,,
Shiratori,Tokushige,410,Tokyo,Japan,35.6895266,139.6916809, Shiratori,,,,
Shiratori,Hashimoto,606,Tokyo,Japan,35.6895266,139.6916809, Shiratori,,,,
Shiratori,Yoshioka,719,Tokyo,Japan,35.6895266,139.6916809, Shiratori,,,,
Shiri-Sverdlov,Bieghs,630,Maastricht,Netherlands,50.848333,5.688889, Shiri-Sverdlov,,,,
Silverman,Oliva,795,Boston,United States,42.3584308,-71.0597763, Silverman,,,,
Sirlin,Tang,343,San Diego,United States,32.7153292,-117.1572571, Sirlin,,,,
Skoien,Peverill,753,Brisbane,Australia,-27.4679357,153.0280914, Skoien,,,,
Solis-Herruzo,Pérez-Carreras,67,Madrid,Spain,40.4165021,-3.7025642, Solis-Herruzo,,,,
Song,Shi,69,Nanjing,China,32.0616667,118.7777786, Song,,,,
Sookoian,Pirola,388,Buenos Aires,Argentina,-34.5761256,-58.4088135, Sookoian,,,,
Sookoian,Pirola,457,Buenos Aires,Argentina,-34.5761256,-58.4088135, Sookoian,,,,
Staels,Pawlak,296,Lille,France,50.6333333,3.0666666, Staels,,,,
Staels,Tailleux,415,Lille,France,50.6333333,3.0666666, Staels,,,,
Stein,Kashyap,773,Cleveland,United States,41.4994954,-81.6954117, Stein,,,,
Stellaard,Portincasa,793,Groningen,Netherlands,53.219167,6.5666671, Stellaard,,,,
Strasberg,Fernandez,81,Washington,United States,38.8951118,-77.0363693, Strasberg,,,,
Sugiyama,Kudo,593,Toyama,Japan,36.6833333,137.2166595, Sugiyama,,,,
Svegliati-Baroni,Vanni,113,Ancona,Italy,43.598164,13.5100746, Svegliati-Baroni,,,,
Szajewska,Socha,637,Warsaw,Poland,52.25,21, Szajewska,,,,
Tacke,Marra,205,Aachen,Germany,50.7766356,6.0834217, Tacke,,,,
Tacke,Baeck,220,Aachen,Germany,50.7766356,6.0834217, Tacke,,,,
Tacke,Heymann,416,Aachen,Germany,50.7766356,6.0834217, Tacke,,,,
Taguchi,Murakami,625,Tokyo,Japan,35.6895266,139.6916809, Taguchi,,,,
Takase,Shimada,404,Kanazawa,Japan,36.5666667,136.6499939, Takase,,,,
Takei,Fujita,760,Fuji,Japan,35.1666667,138.6833344, Takei,,,,
Targher,Lonardo,726,Verona,Italy,45.434186,10.9977884, Targher,,,,
Tatar,Balaban,801,Ankara,Turkey,39.9272222,32.8644447, Tatar,,,,
Tazuma,Hyogo,366,Hiroshima,Japan,34.4,132.4499969, Tazuma,,,,
Thiele,Browning,272,Dallas,United States,32.7830556,-96.8066635, Thiele,,,,
Thuluvath,Poonawala,51,Baltimore,United States,39.2903848,-76.6121902, Thuluvath,,,,
Thummel,Emery,348,Seattle,United States,47.6062095,-122.3320694, Thummel,,,,
Thummel,Emery,348,Washington,United States,38.8951118,-77.0363693, Thummel,,,,
Tiengo,Tessari,243,Padova,Italy,45.415194,11.8818083, Tiengo,,,,
Tilg,Kaser,94,Innsbruck,Austria,47.2666667,11.3999996, Tilg,,,,
Tilg,Moschen,540,Innsbruck,Austria,47.2666667,11.3999996, Tilg,,,,
Tiniakos,Brunt,222,Athens,Greece,37.9833333,23.7333336, Tiniakos,,,,
Tio,Cusi,435,San Antonio,United States,29.4241219,-98.4936295, Tio,,,,
Tiribelli,Marra,126,Trieste,Italy,45.6486111,13.7799997, Tiribelli,,,,
Todd,Langman,463,Cape Town,South Africa,-33.9166667,18.416666, Todd,,,,
Tokushige,Hashimoto,395,Tokyo,Japan,35.6895266,139.6916809, Tokushige,,,,
Tokushige,Hashimoto,789,Tokyo,Japan,35.6895266,139.6916809, Tokushige,,,,
Tomita,Kawada,446,Osaka,Japan,34.6937398,135.502182, Tomita,,,,
Tonascia,Chalasani,542,Baltimore,United States,39.2903848,-76.6121902, Tonascia,,,,
Tonascia,Hoofnagle,755,Baltimore,United States,39.2903848,-76.6121902, Tonascia,,,,
Torok,Seo,493,Sacramento,United States,38.5815719,-121.4944, Torok,,,,
Tran,Anty,704,Nice,France,43.7031261,7.2660828, Tran,,,,
Tran,Anty,728,Nice,France,43.7031261,7.2660828, Tran,,,,
Tsochatzis,Buzzetti,414,London,United Kingdom,51.5084153,-0.1255327, Tsochatzis,,,,
Tsung,Reddy,567,Pittsburgh,United States,40.4406248,-79.9958878, Tsung,,,,
Ünalp,Chalasani,534,Baltimore,United States,39.2903848,-76.6121902, Ünalp,,,,
Uribe,Chavez-Tapia,257,Trieste,Italy,45.6486111,13.7799997, Uribe,,,,
Vajro,Nobili,519,Salerno,Italy,40.66321,14.8037453, Vajro,,,,
Valenti,Dongiovanni,338,Milano,Italy,45.4642694,9.1895056, Valenti,,,,
Valenti,Dongiovanni,661,Milano,Italy,45.4642694,9.1895056, Valenti,,,,
Valenti,Dongiovanni,690,Milano,Italy,45.4642694,9.1895056, Valenti,,,,
Valverde,González-Rodríguez,439,Madrid,Spain,40.4165021,-3.7025642, Valverde,,,,
Valverde,González-Rodríguez,439,Barcelona,Spain,41.3887869,2.1589851, Valverde,,,,
Vancica,Georgescu,434,Craiova,Romania,44.3166667,23.7999992, Vancica,,,,
Vancica,Georgescu,434,Roman,Romania,46.9166667,26.916666, Vancica,,,,
Varma,Molloy,557,Milwaukee,United States,43.0389025,-87.9064713, Varma,,,,
Velagi?,Duvnjak,219,Zagreb,Croatia,45.8,16, Velagi?,,,,
Vidal-Puig,Lelliott,764,Cambridge,United Kingdom,52.2,0.1166667, Vidal-Puig,,,,
Wakasa,Seki,104,Osaka,Japan,34.6937398,135.502182, Wakasa,,,,
Wang,Wang,561,Boston,United States,42.3584308,-71.0597763,Wang,,,,
Wang,Wang,561,Boston,United States,42.3584308,-71.0597763, Wang,,,,
Wang,Wang,579,Boston,United States,42.3584308,-71.0597763,Wang,,,,
Wang,Wang,579,Boston,United States,42.3584308,-71.0597763, Wang,,,,
Wang,Xu,592,Shanghai,China,31.2222222,121.4580536, Wang,,,,
Watts,Sahebkar,583,Perth,Australia,-31.9333333,115.8333359, Watts,,,,
Webber,Aithal,80,Birmingham,United Kingdom,52.4666667,-1.9166667, Webber,,,,
Weiner,Weiner,759,Frankfurt am Main,Germany,50.1166667,8.6833334,Weiner,,,,
Weinman,Singal,678,Kansas City,United States,39.0997266,-94.5785675, Weinman,,,,
Westman,Tendler,510,Durham,United States,35.9940329,-78.8986206, Westman,,,,
Whitington,Sahai,330,Chicago,United States,41.850033,-87.6500549, Whitington,,,,
Wiesner,Kim,256,Rochester,United States,43.1547845,-77.6155548, Wiesner,,,,
Wiesner,Singal,375,Rochester,United States,43.1547845,-77.6155548, Wiesner,,,,
Wilson,Sung,694,Melbourne,Australia,-37.8139966,144.9633179, Wilson,,,,
Wittington,Sahai,194,Chicago,United States,41.850033,-87.6500549, Wittington,,,,
Wright,Monto,91,San Francisco,United States,37.7749295,-122.4194183, Wright,,,,
Yamamoto,Takaki,524,Okayama,Japan,34.65,133.9166718, Yamamoto,,,,
Yamanouchi,Kawasaki,551,Tokyo,Japan,35.6895266,139.6916809, Yamanouchi,,,,
Yamanouchi,Kawasaki,551,Kawasaki,Japan,35.5205556,139.7172241, Yamanouchi,,,,
Yang,Diehl,270,Baltimore,United States,39.2903848,-76.6121902, Yang,,,,
Ye,Cong,683,Beijing,China,39.9074977,116.3972244, Ye,,,,
Yeh,Larter,172,Seattle,United States,47.6062095,-122.3320694, Yeh,,,,
Yeh,Larter,172,Washington,United States,38.8951118,-77.0363693, Yeh,,,,
Yilmaz,Yilmaz,471,Istanbul,Turkey,41.013843,28.9496613,Yilmaz,,,,
Yki-Järvinen,Yki-Järvinen,192,Helsinki,Finland,60.1755556,24.934166,Yki-Järvinen,,,,
Yodoi,Sumida,217,Kyoto,Japan,35.02107,135.7538452, Yodoi,,,,
Yoneda,Yokohama,660,Yokohama,Japan,35.45,139.6499939, Yoneda,,,,
Yoneyama,Fujii,766,Tokyo,Japan,35.6895266,139.6916809, Yoneyama,,,,
Yoneyama,Fujii,766,Fuji,Japan,35.1666667,138.6833344, Yoneyama,,,,
Yoshida,Murata,699,Kochi,Japan,33.55,133.5500031, Yoshida,,,,
Yoshikawa,Mitsuyoshi,649,Kyoto,Japan,35.02107,135.7538452, Yoshikawa,,,,
Yoshikawa,Sumida,725,Kyoto,Japan,35.02107,135.7538452, Yoshikawa,,,,
Younossi,Estep,613,Washington,United States,38.8951118,-77.0363693, Younossi,,,,
Zein,Ascha,32,Cleveland,United States,41.4994954,-81.6954117, Zein,,,,
Zeller,Inge,326,Cincinnati,United States,39.1620036,-84.4568863, Zeller,,,,
Zhang,Zheng,780,Detroit,United States,42.331427,-83.0457535, Zhang,,,,
Zhang,Zheng,780,Detroit,United States,42.331427,-83.0457535, Zhang,,,,
Zhang,Zheng,780,Detroit,United States,42.331427,-83.0457535, Zhang,,,,
Zhang,Lee,781,Detroit,United States,42.331427,-83.0457535, Zhang,,,,
Zhu,Baker,782,Buffalo,United States,42.8864468,-78.8783722, Zhu,,,,
Zimmermann,Dufour,167,Bern,Switzerland,46.9480943,7.447443, Zimmermann,,,,
